{
    "nodes": [
        {
            "id": "0",
            "_type": "vertex",
            "size": 3
        },
        {
            "blockKey": "000022997491",
            "label": "ID",
            "IDSource": "201",
            "recordKey": "201PM1006243819",
            "CoLocateKey": "1006243819",
            "DocumentID": "00002299749",
            "DateLastReported": "1998-07-29",
            "DocumentType": "1",
            "DateFirstReported": "1998-07-29",
            "id": "2",
            "_type": "vertex",
            "size": 3
        },
        {
            "DateOfBirth": "1977-02-13",
            "TypeOfPerson": "N",
            "DateLastReported": "2011-06-04",
            "DateFirstReported": "2011-06-04",
            "Gender": "M",
            "EducationLevel": "0005",
            "PISource": "202",
            "LocationOfSuffrage": "1653",
            "label": "PI",
            "CountryOfOriginCode": "0155",
            "LocationOfBirth": "0750",
            "recordKey": "201PM1006243819",
            "PositionCode": "0048",
            "MaritialStatus": "0001",
            "id": "13",
            "_type": "vertex"
        },
        {
            "target": "201",
            "id": "3",
            "_type": "vertex"
        },
        {
            "target": "202",
            "id": "14",
            "_type": "vertex"
        },
        {
            "blockKey": "100229974976",
            "label": "ID",
            "IDSource": "118",
            "recordKey": "201PM1006243819",
            "CoLocateKey": "1006243819",
            "DocumentID": "10022997497",
            "DateLastReported": "2011-07-13",
            "DocumentType": "6",
            "DateFirstReported": "2011-07-13",
            "id": "6",
            "_type": "vertex"
        },
        {
            "target": "118",
            "id": "7",
            "_type": "vertex"
        },
        {
            "type": "Response",
            "id": "RESPONSE",
            "_type": "vertex",
            "caca": "woooo"
        },
        {
            "PNSource": "201",
            "label": "PN",
            "recordKey": "201PM1006243819",
            "FullName": "MAMANI MAMANI MARCELINO",
            "DateLastReported": "1998-07-29",
            "DateFirstReported": "1998-07-29",
            "id": "10",
            "_type": "vertex"
        }
    ],
    "edges": [
        {
            "id": "11",
            "_type": "edge",
            "source": "10",
            "target": "3",
            "label": "SOURCE"
        },
        {
            "CoLocateKey": 1006243819,
            "rootNode": true,
            "id": "1",
            "_type": "edge",
            "source": "RESPONSE",
            "target": "0",
            "label": "PERSON_PARTY"
        },
        {
            "id": "12",
            "_type": "edge",
            "source": "0",
            "target": "10",
            "label": "PRIMARY_NAME"
        },
        {
            "id": "4",
            "_type": "edge",
            "source": "2",
            "target": "3",
            "label": "SOURCE"
        },
        {
            "id": "15",
            "_type": "edge",
            "source": "13",
            "target": "14",
            "label": "SOURCE"
        },
        {
            "type": "1",
            "id": "5",
            "_type": "edge",
            "source": "0",
            "target": "2",
            "label": "ISSUEDid"
        },
        {
            "id": "16",
            "_type": "edge",
            "source": "0",
            "target": "13",
            "label": "PERSON_INFO"
        },
        {
            "id": "8",
            "_type": "edge",
            "source": "6",
            "target": "7",
            "label": "SOURCE"
        },
        {
            "type": "6",
            "id": "9",
            "_type": "edge",
            "source": "0",
            "target": "6",
            "label": "ISSUEDid"
        }
    ]
}
