{
    "nodes": [
        {
            "id": "RESPONSE",
            "label": "A node",
            "x": 0,
            "y": 0,
            "size": 3
        },
        {
            "id": "n1",
            "label": "Another node",
            "date": "1010101",
            "x": 3,
            "y": 1,
            "size": 2
        },
        {
            "id": "n2",
            "label": "And a last one",
            "x": 1,
            "y": 3,
            "size": 1
        }
    ],
    "edges": [
        {
            "id": "e0",
            "source": "RESPONSE",
            "target": "n1"
        },
        {
            "id": "e1",
            "source": "n1",
            "target": "n2"
        },
        {
            "id": "e2",
            "source": "n2",
            "target": "RESPONSE"
        }
    ]
}


