{
    "nodes": [
        {
            "FullAddress": "LOS GORRIONES N 293 LA CAMPINA CHORRILLOS",
            "UploadDate": "2000-12-28",
            "label": "AD",
            "AddressTypeCode": 1,
            "ADSource": "507",
            "SequenceNumber": 3,
            "DateLastReported": "2000-12-28",
            "__recordKey": "507++PAD++0001000153200012283",
            "DateFirstReported": "2010-12-09",
            "__blockKey": "2000-12-28++3",
            "id": "23",
            "_type": "vertex"
        },
        {
            "label": "PH",
            "PHSource": "118",
            "DateLastReported": "2000-12-29",
            "PhoneNumber": "495350",
            "__recordKey": "118++PAD++0001000153200012294",
            "DateFirstReported": "2010-12-09",
            "__blockKey": "495350++",
            "id": "13",
            "_type": "vertex"
        },
        {
            "__source1": "507",
            "id": "24",
            "_type": "vertex"
        },
        {
            "IDSource": "118",
            "label": "ID",
            "CoLocateKey": "0001000153",
            "DocumentID": "10091397981",
            "DateLastReported": "2010-12-09",
            "DocumentType": "6",
            "__recordKey": "201++PM++0001000153",
            "DateFirstReported": "2010-12-09",
            "__blockKey": "10091397981++6",
            "id": "35",
            "_type": "vertex"
        },
        {
            "IDSource": "118",
            "label": "ID",
            "CoLocateKey": "0001000153",
            "DocumentID": "09139798",
            "DateLastReported": "2000-12-29",
            "DocumentType": "1",
            "__recordKey": "118++PAD++0001000153200012294",
            "DateFirstReported": "2010-12-09",
            "__blockKey": "09139798++1",
            "id": "16",
            "_type": "vertex"
        },
        {
            "FullAddress": "AV.LOS GORRIONES 293",
            "UploadDate": "2000-10-09",
            "label": "AD",
            "AddressTypeCode": 1,
            "ADSource": "601",
            "SequenceNumber": 2,
            "DateLastReported": "2000-10-09",
            "__recordKey": "601++PAD++0001000153200010092",
            "DateFirstReported": "2010-12-09",
            "__blockKey": "2000-10-09++2",
            "id": "27",
            "_type": "vertex"
        },
        {
            "PNSource": "201",
            "label": "PN",
            "FullName": "BALBUENA CARBAJAL GERARDO ALEJANDRO",
            "DateLastReported": "2010-12-09",
            "__recordKey": "201++PM++0001000153",
            "DateFirstReported": "2010-12-09",
            "__blockKey": "BALBUENA CARBAJAL GERARDO ALEJANDRO++",
            "id": "38",
            "_type": "vertex"
        },
        {
            "__source1": "601",
            "id": "28",
            "_type": "vertex"
        },
        {
            "FullAddress": "CALLE PRESA 157 159 URB LAS GARDENIAS",
            "UploadDate": "2002-09-14",
            "label": "AD",
            "AddressTypeCode": 1,
            "ADSource": "121",
            "SequenceNumber": 5,
            "DateLastReported": "2002-09-14",
            "__recordKey": "121++PAD++0001000153200209145",
            "DateFirstReported": "2010-12-09",
            "__blockKey": "2002-09-14++5",
            "id": "19",
            "_type": "vertex"
        },
        {
            "vertexType": "RESPONSE",
            "id": "RESPONSE",
            "_type": "vertex"
        },
        {
            "id": "1",
            "_type": "vertex"
        },
        {
            "201++PM++0001000153": "CX|20101209|20101209||201|PM|0001000153|0001000153|Add||0.1|ID|19951008|19951008||201|0001000153|1|00008254124||ID|20101209|20101209||118|0001000153|6|10091397981||PN|20101209|20101209||201|BALBUENA CARBAJAL GERARDO ALEJANDRO||||||PI|20110526|20110526||0|5|10|19420701|0|2|0|2683|155||",
            "117++PAD++0001000153199805141": "CX|20101209|20101209||117|PAD|0001000153|0001000153199805141|Add||0.1|AD|20101209|19980514||117|1|CALLE PRESA 157159 URB LAS GARDENIAS|||||||||1||19980514|",
            "601++PAD++0001000153200010092": "CX|20101209|20101209||601|PAD|0001000153|0001000153200010092|Add||0.1|AD|20101209|20001009||601|2|AV.LOS GORRIONES 293|||||||||1||20001009|",
            "121++PAD++0001000153200209145": "CX|20101209|20101209||121|PAD|0001000153|0001000153200209145|Add||0.1|AD|20101209|20020914||121|5|CALLE PRESA 157 159 URB LAS GARDENIAS|||||||||1||20020914|",
            "118++PS++0001000153610091397981": "CX|20101209|20101209||118|PS|0001000153|0001000153610091397981|Add||0.1|ID|20101209|20101209||118|0001000153|6|10091397981||ID|20101209|20101209||119|0001000153|1|09139798||PN|20101209|20101209||118|BELTRAN BYRNE RUBEN ENRIQUE||||||AD|20101209|20101209||118|612562||4|PRESA|157||0||1369||||20101209|PH|20101209|20101209||119|495350||BI|20101209|20101209||118|612562|0000|1|155|1369|1|4|7|01|19930818|19970306||||||0000|526216|1|0|0||19921102|19451101|",
            "__vertextType": "CDA_VERTEX",
            "507++PAD++0001000153200012283": "CX|20101209|20101209||507|PAD|0001000153|0001000153200012283|Add||0.1|AD|20101209|20001228||507|3|LOS GORRIONES N 293 LA CAMPINA CHORRILLOS|||||||||1||20001228|",
            "118++PAD++0001000153200012294": "CX|20101209|20101209||118|PAD|0001000153|0001000153200012294|Add||0.1|ID|20101209|20001229||118|0001000153|1|09139798||AD|20101209|20001229||118|4|CALLE PRESA 157|||||||||2||20001229|PH|20101209|20001229||118|495350||",
            "id": "3",
            "_type": "vertex"
        },
        {
            "FullAddress": "CALLE PRESA 157159 URB LAS GARDENIAS",
            "UploadDate": "1998-05-14",
            "label": "AD",
            "AddressTypeCode": 1,
            "ADSource": "117",
            "SequenceNumber": 1,
            "DateLastReported": "1998-05-14",
            "__recordKey": "117++PAD++0001000153199805141",
            "DateFirstReported": "2010-12-09",
            "__blockKey": "1998-05-14++1",
            "id": "5",
            "_type": "vertex"
        },
        {
            "__source1": "117",
            "id": "6",
            "_type": "vertex"
        },
        {
            "FullAddress": "CALLE PRESA 157",
            "UploadDate": "2000-12-29",
            "label": "AD",
            "AddressTypeCode": 2,
            "ADSource": "118",
            "SequenceNumber": 4,
            "DateLastReported": "2000-12-29",
            "__recordKey": "118++PAD++0001000153200012294",
            "DateFirstReported": "2010-12-09",
            "__blockKey": "2000-12-29++4",
            "id": "9",
            "_type": "vertex"
        },
        {
            "DateOfBirth": "1942-07-01",
            "label": "PI",
            "DateLastReported": "2011-05-26",
            "DateFirstReported": "2011-05-26",
            "Gender": "0",
            "EducationLevel": "5",
            "PISource": "0",
            "LocationOfSuffrage": "2683",
            "CountryOfOriginCode": "155",
            "LocationOfBirth": "0",
            "__recordKey": "201++PM++0001000153",
            "__blockKey": "0",
            "PositionCode": "10",
            "MaritialStatus": "2",
            "id": "41",
            "_type": "vertex"
        },
        {
            "__source1": "121",
            "id": "20",
            "_type": "vertex"
        },
        {
            "IDSource": "201",
            "label": "ID",
            "CoLocateKey": "0001000153",
            "DocumentID": "00008254124",
            "DateLastReported": "1995-10-08",
            "DocumentType": "1",
            "__recordKey": "201++PM++0001000153",
            "DateFirstReported": "1995-10-08",
            "__blockKey": "00008254124++1",
            "id": "31",
            "_type": "vertex"
        },
        {
            "__source1": "0",
            "id": "42",
            "_type": "vertex"
        },
        {
            "__source1": "118",
            "id": "10",
            "_type": "vertex"
        },
        {
            "__source1": "201",
            "id": "32",
            "_type": "vertex"
        }
    ],
    "edges": [
        {
            "id": "11",
            "_type": "edge",
            "source": "9",
            "target": "10",
            "label": "SOURCE"
        },
        {
            "id": "22",
            "_type": "edge",
            "source": "1",
            "target": "19",
            "label": "POSTAL_ADDRESS"
        },
        {
            "id": "33",
            "_type": "edge",
            "source": "31",
            "target": "32",
            "label": "SOURCE"
        },
        {
            "id": "44",
            "_type": "edge",
            "source": "1",
            "target": "41",
            "label": "PERSON_INFO"
        },
        {
            "id": "12",
            "_type": "edge",
            "source": "1",
            "target": "9",
            "label": "POSTAL_ADDRESS"
        },
        {
            "DocumentType": "1",
            "id": "34",
            "_type": "edge",
            "source": "1",
            "target": "31",
            "label": "ISSUED_ID"
        },
        {
            "id": "14",
            "_type": "edge",
            "source": "13",
            "target": "10",
            "label": "SOURCE"
        },
        {
            "id": "25",
            "_type": "edge",
            "source": "23",
            "target": "24",
            "label": "SOURCE"
        },
        {
            "id": "36",
            "_type": "edge",
            "source": "35",
            "target": "10",
            "label": "SOURCE"
        },
        {
            "id": "15",
            "_type": "edge",
            "source": "1",
            "target": "13",
            "label": "PHONE"
        },
        {
            "id": "26",
            "_type": "edge",
            "source": "1",
            "target": "23",
            "label": "POSTAL_ADDRESS"
        },
        {
            "DocumentType": "6",
            "id": "37",
            "_type": "edge",
            "source": "1",
            "target": "35",
            "label": "ISSUED_ID"
        },
        {
            "id": "17",
            "_type": "edge",
            "source": "16",
            "target": "10",
            "label": "SOURCE"
        },
        {
            "id": "39",
            "_type": "edge",
            "source": "38",
            "target": "32",
            "label": "SOURCE"
        },
        {
            "DocumentType": "1",
            "id": "18",
            "_type": "edge",
            "source": "1",
            "target": "16",
            "label": "ISSUED_ID"
        },
        {
            "id": "29",
            "_type": "edge",
            "source": "27",
            "target": "28",
            "label": "SOURCE"
        },
        {
            "__rootNode": true,
            "CoLocateKey": "0001000153",
            "id": "2",
            "_type": "edge",
            "source": "RESPONSE",
            "target": "1",
            "label": "PERSON_PARTY"
        },
        {
            "id": "4",
            "_type": "edge",
            "source": "1",
            "target": "3",
            "label": "CDA"
        },
        {
            "id": "7",
            "_type": "edge",
            "source": "5",
            "target": "6",
            "label": "SOURCE"
        },
        {
            "id": "8",
            "_type": "edge",
            "source": "1",
            "target": "5",
            "label": "POSTAL_ADDRESS"
        },
        {
            "id": "40",
            "_type": "edge",
            "source": "1",
            "target": "38",
            "label": "PRIMARY_NAME"
        },
        {
            "id": "30",
            "_type": "edge",
            "source": "1",
            "target": "27",
            "label": "POSTAL_ADDRESS"
        },
        {
            "id": "21",
            "_type": "edge",
            "source": "19",
            "target": "20",
            "label": "SOURCE"
        },
        {
            "id": "43",
            "_type": "edge",
            "source": "41",
            "target": "42",
            "label": "SOURCE"
        }
    ]
}
